<?xml version="1.0" encoding="UTF-8"?>
<nitf xmlns:xsi="http://www.w3.org/2001/XMLSchema-instance" xsi:schemaLocation="http://iptc.org/std/NITF/2006-10-18/ nitf-3-6.xsd" xmlns="http://iptc.org/std/NITF/2006-10-18/" version="-//IPTC//DTD NITF 3.6//EN">
    <head>
        <title>Abbonarsi a Pane Quotidiano</title>
    </head>
    <body>
        <body.head>
            <hedline>
                <hl1>Abbonarsi a Pane Quotidiano è semplice!</hl1>
            </hedline>
        </body.head>
        <body.content>

Scegli la modalità che preferisci<br/>
<br/>
all’indirizzo web editoresempre.apg23.org<br/>
<br/>
scrivendo a semprecommunity@apg23.org <br/>
<br/>
chiamando il numero 0442 25132<br/>
<br/>
scrivendo su Whatsapp al 345 769 16 14<br/>
<br/>
<br/>
<b>QUANTO COSTA</b><br/>
<br/>
- L’abbonamento ordinario per l’anno 2023 costa € 20 e comprende 6 numeri bimestrali. <br/>
- Versando € 26 accedi all’abbonamento PQ+: diventerai sostenitore di Pane Quotidiano e riceverai via email ogni due mesi la possibilità di scaricare e leggere PQ anche sul tuo cellulare o computer.<br/>
- Se attivi l’abbonamento ad anno già iniziato, paghi solo i bimestri rimanenti fino a dicembre.<br/>
- Sono previsti sconti progressivi per chi sottoscrive abbonamenti a 10 o più copie (contattaci per conoscere gli sconti).<br/>
<br/><br/>
<b>COME SI PAGA</b><br/>
<br/>

Scegli la modalità che preferisci:<br/>
- sul conto corrente postale n. 155 89 484 intestato a: <br/>
	Associazione Comunità Papa Giovanni XXIII <br/>
	Editore Sempre - Via Mameli 1 - 47921 Rimini RN <br/>
	causale “Abbonamento Pane Quotidiano 2023” <br/>
	o “Abbonamento PQ+ 2023”<br/>
- sul conto corrente bancario Iban: <br/>
	IT76 K 03069 09606 100000073510 <br/>
	(intestazione e causale come sopra) <br/>
- con carta di credito (anche dall’estero) <br/>
	all’indirizzo internet editoresempre.apg23.org<br/>
<br/><br/>
<b>ABBONAMENTO DALL'ESTERO</b><br/>
<br/>
Il costo da Paesi UE è di € 28, da Paesi extra UE € 35.<br/>
In questo caso puoi pagare esclusivamente con carta di credito all’indirizzo web sopra indicato o con bonifico bancario aggiungendo all’Iban il codice Bic BCITITMM.<br/>
</body.content>
    </body>
</nitf>