<?xml version="1.0" encoding="UTF-8"?>
<nitf xmlns:xsi="http://www.w3.org/2001/XMLSchema-instance" xsi:schemaLocation="http://iptc.org/std/NITF/2006-10-18/ nitf-3-6.xsd" xmlns="http://iptc.org/std/NITF/2006-10-18/" version="-//IPTC//DTD NITF 3.6//EN">
    <head>
        <title>EDITORIALE</title>
    </head>
    <body>
        <body.head>
            <hedline>
                <hl2>EDITORIALE</hl2>
                <hl1>Un cammino che passa dalla sofferenza</hl1>
            </hedline>
            <byline>Giovanni Paolo Ramonda</byline>
        </body.head>
        <body.content>
Dice il  servo di Dio don Oreste Benzi: «Il Padre dice: “Questo è il mio Figlio diletto, ascoltatelo”. Praticamente il Signore ci fa questa proposta nella quale siamo già dentro: “Mi vuoi seguire? Vuoi che il regno di Dio entri nel cuore di ogni uomo ed entri prima di tutto dentro di te? Vuoi che si manifesti? Allora vienimi dietro!”. Per ogni passo che fai nel regno di Dio c'è la croce che segna quel passo, però tu sai che soffri perché qualcosa di nuovo e di grande nasce».<br/>
In questo cammino verso la Pasqua Gesù, salendo al Calvario condividendo le sofferenze dell’umanità, ci chiede di dargli da bere, stando con lui presente nei sofferenti, negli scarti dell’umanità. Una solidarietà che esige la contemplazione, anzi l’adorazione, che ti dà la forza di stare in piedi.<br/>
<b>Gesù ci dà un cibo che nutre la nostra fame di significato,</b> ci disseta con acqua zampillante, è la sua vita che ci libera, che opera, che rompe le nostre catene, la nostra cecità. Quando Gesù resuscita Lazzaro, Marta, la sorella, nel dialogo con lui esprime una professione di fede unica. Quando il Signore le dice: «Io sono la resurrezione e la vita, chi crede in me anche se 
muore vivrà, chiunque vive e crede in me non morirà in eterno», Marta risponde: «Sì, o Signore, io credo che tu sei il Cristo, il Figlio di Dio, colui che viene nel mondo».<br/>
Questo dono meraviglioso della vita che il Creatore ci ha fatto, questo pellegrinaggio così importante ed impegnativo è intriso di gioie e anche di tante difficoltà, ma abbiamo una meta stupenda, l’abbraccio del Padre e dei fratelli che sono già arrivati a casa.<br/>
<b>Gesù fa la Pasqua con noi, ci prende per mano</b>, come un buon pastore, con noi nei momenti difficili, bui, prega con noi e per noi. Ci fa rialzare quando cadiamo e siamo stanchi e afflitti e ci dona il suo perdono anche se lo tradiamo. Sempre aperto, accogliente, ci parla dell’amore del Padre, della sua misericordia che supera ogni nostro limite.<br/>
Con noi grida nei momenti di dolore: «Dio mio, Dio mio, perché mi hai abbandonato?». Aspetta da noi solo un cenno, una preghiera, un atto di giustizia e di carità per portarci nel suo amore infinito. Resta con noi, Signore, tutti i giorni della nostra vita, fino alla visione che ci farà incontrare faccia a faccia. Davvero tu sei risorto, sei vivo, in mezzo 
a noi.<br/>
Con Maria, tua madre, vediamo i potenti cadere dai troni, gli umili innalzati. Con lei vogliamo dire sì alla tua chiamata, facendo quello che ci chiedi.<br/>
Grazie, Signore Gesù, la luce della Pasqua ci trovi pieni di gioia anche nella tribolazione. Buona Pasqua.<br/>
        </body.content>
    </body>
</nitf>