<?xml version="1.0" encoding="UTF-8"?>
<nitf xmlns:xsi="http://www.w3.org/2001/XMLSchema-instance" xsi:schemaLocation="http://iptc.org/std/NITF/2006-10-18/ nitf-3-6.xsd" xmlns="http://iptc.org/std/NITF/2006-10-18/" version="-//IPTC//DTD NITF 3.6//EN">
    <head>
        <title>Servo di Dio sacerdote Oreste Benzi</title>
    </head>
    <body>
        <body.head>
            <hedline>
                <hl1>Servo di Dio sacerdote Oreste Benzi</hl1>
            </hedline>
        </body.head>
        <body.content>
<i>07.09.1925 - 02.11.2007<i/><br/>
Don Oreste Benzi è stato promotore di una catechesi innovativa fin da quando, giovane sacerdote, era insegnante di religione alle scuole superiori, direttore spirituale in seminario e assistente diocesano della gioventù di Azione Cattolica. Nel 1968 ha dato vita alla Comunità Papa Giovanni XXIII, oggi Associazione internazionale di diritto pontificio impegnata a fianco dei poveri e degli emarginati in 42 Paesi del mondo. Cinque anni dopo la sua morte è stata avviata per lui la Causa di beatificazione, tuttora in corso.<br/>
<br/>
Ulteriori info al sito www.fondazionedonorestebenzi.org<br/>
Per segnalare grazie e favori ricevuti: +39 349 32 37 566; <br/>
infocentromarvelli@gmail.com (Postulazione)<br/>
</body.content>
    </body>
</nitf>