<?xml version="1.0" encoding="UTF-8"?>
<nitf xmlns:xsi="http://www.w3.org/2001/XMLSchema-instance" xsi:schemaLocation="http://iptc.org/std/NITF/2006-10-18/ nitf-3-6.xsd" xmlns="http://iptc.org/std/NITF/2006-10-18/" version="-//IPTC//DTD NITF 3.6//EN">
    <head>
        <title>Preghiera</title>
    </head>
    <body>
        <body.head>
            <hedline>
                <hl1>Preghiera</hl1>
            </hedline>
        </body.head>
        <body.content>
<center>
O Trinità Santissima, Padre, Figlio, Spirito Santo, <br/>
Ti adoriamo, Ti lodiamo e Ti ringraziamo <br/>
per aver donato alla Chiesa il sacerdote, <br/>
don Oreste Benzi. <br/>
In lui hai fatto risplendere la forte, fedele, <br/>
premurosa tenerezza della Tua paternità, <br/>
la gloria della Croce di Cristo <br/>
e lo splendore dello Spirito d’amore. <br/>
Egli, confidando nella Tua infinita provvidente <br/>
misericordia <br/>
e nella materna intercessione di Maria, <br/>
è stato per tanti Tuoi figli e figlie immagine viva <br/>
di Gesù Buon Pastore; <br/>
ha insegnato con l’esempio a vivere <br/>
secondo il comandamento nuovo della carità <br/>
e ha indicato la santità come misura <br/>
della vita cristiana <br/>
e strada per giungere alla beata ed eterna <br/>
comunione con Te. <br/>
Concedici per sua intercessione, <br/>
secondo la Tua volontà, <br/>
la grazia che imploriamo, <br/>
nella speranza che nella Tua santa Chiesa <br/>
egli sia esempio di santità <br/>
e nella Comunione dei Tuoi Santi <br/>
per l’edificazione del Tuo Regno. <br/>
Amen. <br/><br/>
<i>Con approvazione ecclesiastica </i>
</center>
        </body.content>
    </body>
</nitf>